Mosquito ID,Replicate,Batch,Day,Temperature,Infected,Disseminated,Infectious,,
1,1,2,3,16,0,0,0,,
2,1,2,3,16,0,0,0,,
3,1,2,3,16,0,0,0,,
4,1,2,3,16,0,0,0,,
5,1,2,3,16,0,0,0,,
6,1,2,3,16,0,0,0,,
7,1,2,3,16,0,0,0,,
8,1,2,3,16,0,0,0,,
9,1,2,3,16,0,0,0,,
10,1,2,3,16,0,0,0,,
11,1,2,3,16,0,0,0,,
12,1,2,3,16,0,0,0,,
13,1,2,3,16,0,0,0,,
14,1,2,3,16,0,0,0,,
15,1,2,3,16,0,0,0,,
16,1,2,3,16,0,0,0,,
17,1,2,3,16,0,0,0,,
18,1,2,3,16,0,0,0,,
19,1,2,3,16,0,0,0,,
20,1,2,3,16,0,0,0,,
21,1,1,3,20,0,0,0,,
22,1,1,3,20,0,0,0,,
23,1,1,3,20,0,0,0,,
24,1,1,3,20,0,0,0,,
25,1,1,3,20,0,0,0,,
26,1,1,3,20,0,0,0,,
27,1,1,3,20,0,0,0,,
28,1,1,3,20,0,0,0,,
29,1,1,3,20,0,0,0,,
30,1,1,3,20,0,0,0,,
31,1,1,3,20,0,0,0,,
32,1,1,3,20,0,0,0,,
33,1,1,3,20,0,0,0,,
34,1,1,3,20,0,0,0,,
35,1,1,3,20,0,0,0,,
36,1,1,3,20,0,0,0,,
37,1,1,3,20,0,0,0,,
38,1,1,3,20,0,0,0,,
39,1,1,3,20,0,0,0,,
40,1,1,3,20,0,0,0,,
41,1,5,3,24,0,0,0,,
42,1,5,3,24,0,0,0,,
43,1,5,3,24,1,0,0,,
44,1,5,3,24,1,0,0,,
45,1,5,3,24,1,0,0,,
46,1,5,3,24,1,0,0,,
47,1,5,3,24,0,0,0,,
48,1,5,3,24,0,0,0,,
49,1,5,3,24,1,0,0,,
50,1,5,3,24,0,0,0,,
51,1,5,3,24,0,0,0,,
52,1,5,3,24,0,0,0,,
53,1,5,3,24,1,0,0,,
54,1,5,3,24,1,0,0,,
55,1,5,3,24,1,0,0,,
56,1,5,3,24,0,0,0,,
57,1,5,3,24,0,0,0,,
58,1,5,3,24,0,0,0,,
59,1,5,3,24,1,0,0,,
60,1,5,3,24,0,0,0,,
61,1,1,3,28,1,0,0,,
62,1,1,3,28,1,0,0,,
63,1,1,3,28,1,0,0,,
64,1,1,3,28,1,0,0,,
65,1,1,3,28,0,0,0,,
66,1,1,3,28,1,0,0,,
67,1,1,3,28,1,0,0,,
68,1,1,3,28,1,0,0,,
69,1,1,3,28,0,0,0,,
70,1,1,3,28,1,0,0,,
71,1,1,3,28,1,0,0,,
72,1,1,3,28,1,0,0,,
73,1,1,3,28,1,0,0,,
74,1,1,3,28,1,0,0,,
75,1,1,3,28,1,1,0,,
76,1,1,3,28,0,0,0,,
77,1,1,3,28,1,0,0,,
78,1,1,3,28,1,0,0,,
79,1,1,3,28,0,0,0,,
80,1,1,3,28,1,0,0,,
81,1,2,3,32,1,0,0,,
82,1,2,3,32,1,0,0,,
83,1,2,3,32,1,1,0,,
84,1,2,3,32,0,0,0,,
85,1,2,3,32,1,0,0,,
86,1,2,3,32,1,0,0,,
87,1,2,3,32,1,0,0,,
88,1,2,3,32,1,0,0,,
89,1,2,3,32,0,0,0,,
90,1,2,3,32,1,0,0,,
91,1,2,3,32,1,0,0,,
92,1,2,3,32,0,0,0,,
93,1,2,3,32,1,0,0,,
94,1,2,3,32,0,0,0,,
95,1,2,3,32,0,0,0,,
96,1,2,3,32,0,0,0,,
97,1,2,3,32,0,0,0,,
98,1,2,3,32,0,0,0,,
99,1,2,3,32,0,0,0,,
100,1,2,3,32,0,0,0,,
101,1,1,3,34,1,1,0,,
102,1,1,3,34,0,0,0,,
103,1,1,3,34,1,0,0,,
104,1,1,3,34,1,1,0,,
105,1,1,3,34,0,0,0,,
106,1,1,3,34,1,1,0,,
107,1,1,3,34,0,0,0,,
108,1,1,3,34,1,1,0,,
109,1,1,3,34,1,1,0,,
110,1,1,3,34,1,1,0,,
111,1,1,3,34,1,0,0,,
112,1,1,3,34,1,1,0,,
113,1,1,3,34,0,0,0,,
114,1,1,3,34,0,0,0,,
115,1,1,3,34,1,1,0,,
116,1,1,3,34,1,1,0,,
117,1,1,3,34,1,0,0,,
118,1,1,3,34,1,0,0,,
119,1,1,3,34,1,1,0,,
120,1,1,3,34,1,0,0,,
121,1,6,3,36,1,1,0,,
122,1,6,3,36,1,1,0,,
123,1,6,3,36,1,1,0,,
124,1,6,3,36,1,1,0,,
125,1,6,3,36,1,1,0,,
126,1,6,3,36,1,0,0,,
127,1,6,3,36,1,0,0,,
128,1,6,3,36,1,0,0,,
129,1,6,3,36,1,0,0,,
130,1,6,3,36,1,1,0,,
131,1,6,3,36,1,1,0,,
132,1,6,3,36,1,1,0,,
133,1,6,3,36,0,0,0,,
134,1,6,3,36,1,1,0,,
135,1,6,3,36,1,1,0,,
136,1,6,3,36,1,1,0,,
137,1,6,3,36,1,1,0,,
138,1,6,3,36,1,1,0,,
139,1,6,3,36,1,1,0,,
140,1,6,3,36,1,0,0,,
141,1,6,3,38,1,0,0,,
142,1,6,3,38,1,1,0,,
143,1,6,3,38,1,0,0,,
144,1,6,3,38,1,1,0,,
145,1,6,3,38,1,1,1,,
146,1,6,3,38,1,1,0,,
147,1,6,3,38,1,0,0,,
148,1,6,3,38,1,0,0,,
149,1,6,3,38,1,1,0,,
150,1,6,3,38,1,1,0,,
151,1,6,3,38,0,0,0,,
152,1,6,3,38,0,0,0,,
153,1,6,3,38,0,0,0,,
154,1,6,3,38,0,0,0,,
155,1,6,3,38,0,0,0,,
156,1,6,3,38,0,0,0,,
157,1,6,3,38,0,0,0,,
158,1,6,3,38,0,0,0,,
159,1,6,3,38,0,0,0,,
160,1,6,3,38,0,0,0,,
161,1,2,6,16,0,0,0,,
162,1,2,6,16,0,0,0,,
163,1,2,6,16,0,0,0,,
164,1,2,6,16,0,0,0,,
165,1,2,6,16,0,0,0,,
166,1,2,6,16,0,0,0,,
167,1,2,6,16,0,0,0,,
168,1,2,6,16,0,0,0,,
169,1,2,6,16,0,0,0,,
170,1,2,6,16,0,0,0,,
171,1,2,6,16,0,0,0,,
172,1,2,6,16,0,0,0,,
173,1,2,6,16,0,0,0,,
174,1,2,6,16,0,0,0,,
175,1,2,6,16,0,0,0,,
176,1,2,6,16,0,0,0,,
177,1,2,6,16,0,0,0,,
178,1,2,6,16,0,0,0,,
179,1,2,6,16,0,0,0,,
180,1,2,6,16,0,0,0,,
181,1,1,6,20,0,0,0,,
182,1,1,6,20,0,0,0,,
183,1,1,6,20,1,0,0,,
184,1,1,6,20,0,0,0,,
185,1,1,6,20,0,0,0,,
186,1,1,6,20,0,0,0,,
187,1,1,6,20,0,0,0,,
188,1,1,6,20,0,0,0,,
189,1,1,6,20,0,0,0,,
190,1,1,6,20,0,0,0,,
191,1,1,6,20,1,0,0,,
192,1,1,6,20,1,0,0,,
193,1,1,6,20,0,0,0,,
194,1,1,6,20,1,0,0,,
195,1,1,6,20,1,0,0,,
196,1,1,6,20,0,0,0,,
197,1,1,6,20,0,0,0,,
198,1,1,6,20,1,0,0,,
199,1,1,6,20,0,0,0,,
200,1,1,6,20,1,0,0,,
201,1,5,6,24,0,0,0,,
202,1,5,6,24,1,0,0,,
203,1,5,6,24,1,0,0,,
204,1,5,6,24,1,1,0,,
205,1,5,6,24,1,0,0,,
206,1,5,6,24,0,0,0,,
207,1,5,6,24,1,0,0,,
208,1,5,6,24,0,0,0,,
209,1,5,6,24,1,0,0,,
210,1,5,6,24,1,0,0,,
211,1,5,6,24,1,0,0,,
212,1,5,6,24,1,0,0,,
213,1,5,6,24,1,0,0,,
214,1,5,6,24,1,0,0,,
215,1,5,6,24,1,0,0,,
216,1,5,6,24,1,0,0,,
217,1,5,6,24,0,0,0,,
218,1,5,6,24,0,0,0,,
219,1,5,6,24,1,0,0,,
220,1,5,6,24,1,0,0,,
221,1,1,6,28,1,1,0,,
222,1,1,6,28,1,0,0,,
223,1,1,6,28,1,0,0,,
224,1,1,6,28,1,0,0,,
225,1,1,6,28,1,0,0,,
226,1,1,6,28,1,1,0,,
227,1,1,6,28,1,0,0,,
228,1,1,6,28,1,1,0,,
229,1,1,6,28,1,0,0,,
230,1,1,6,28,0,0,0,,
231,1,1,6,28,1,0,0,,
232,1,1,6,28,1,0,0,,
233,1,1,6,28,0,0,0,,
234,1,1,6,28,0,0,0,,
235,1,1,6,28,1,0,0,,
236,1,1,6,28,1,1,0,,
237,1,1,6,28,1,1,0,,
238,1,1,6,28,1,0,0,,
239,1,1,6,28,1,1,0,,
240,1,1,6,28,1,1,0,,
241,1,2,6,32,1,1,0,,
242,1,2,6,32,1,1,1,,
243,1,2,6,32,1,1,1,,
244,1,2,6,32,0,0,0,,
245,1,2,6,32,1,1,0,,
246,1,2,6,32,0,0,0,,
247,1,2,6,32,1,1,0,,
248,1,2,6,32,1,1,0,,
249,1,2,6,32,1,1,1,,
250,1,2,6,32,1,1,0,,
251,1,2,6,32,0,0,0,,
252,1,2,6,32,1,1,0,,
253,1,2,6,32,1,1,0,,
254,1,2,6,32,1,1,0,,
255,1,2,6,32,1,1,0,,
256,1,2,6,32,1,1,1,,
257,1,2,6,32,0,0,0,,
258,1,2,6,32,1,1,0,,
259,1,2,6,32,1,1,0,,
260,1,2,6,32,1,1,0,,
261,1,1,6,34,0,0,0,,
262,1,1,6,34,0,0,0,,
263,1,1,6,34,1,1,0,,
264,1,1,6,34,1,1,0,,
265,1,1,6,34,1,1,0,,
266,1,1,6,34,1,1,1,,
267,1,1,6,34,1,1,0,,
268,1,1,6,34,1,0,0,,
269,1,1,6,34,1,1,1,,
270,1,1,6,34,1,1,1,,
271,1,1,6,34,1,1,0,,
272,1,1,6,34,1,1,1,,
273,1,1,6,34,1,1,0,,
274,1,1,6,34,1,1,0,,
275,1,1,6,34,1,1,0,,
276,1,1,6,34,1,1,0,,
277,1,1,6,34,1,1,0,,
278,1,1,6,34,1,1,0,,
279,1,1,6,34,1,1,0,,
280,1,1,6,34,1,1,0,,
281,1,6,6,36,1,0,0,,
282,1,6,6,36,1,1,0,,
283,1,6,6,36,1,1,0,,
284,1,6,6,36,1,1,1,,
285,1,6,6,36,1,1,0,,
286,1,6,6,36,1,1,0,,
287,1,6,6,36,1,1,0,,
288,1,6,6,36,1,1,0,,
289,1,6,6,36,0,0,0,,
290,1,6,6,36,1,1,0,,
291,1,6,6,36,1,1,1,,
292,1,6,6,36,1,1,0,,
293,1,6,6,36,1,1,0,,
294,1,6,6,36,1,1,0,,
295,1,6,6,36,1,1,0,,
296,1,6,6,36,1,1,0,,
297,1,6,6,36,1,1,0,,
298,1,6,6,36,1,1,1,,
299,1,6,6,36,0,0,0,,
300,1,6,6,36,1,1,1,,
301,1,6,6,38,0,0,0,,
302,1,6,6,38,0,0,0,,
303,1,6,6,38,0,0,0,,
304,1,6,6,38,0,0,0,,
305,1,6,6,38,0,0,0,,
306,1,6,6,38,0,0,0,,
307,1,6,6,38,0,0,0,,
308,1,6,6,38,0,0,0,,
309,1,6,6,38,0,0,0,,
310,1,6,6,38,0,0,0,,
311,1,6,6,38,0,0,0,,
312,1,6,6,38,0,0,0,,
313,1,6,6,38,0,0,0,,
314,1,6,6,38,0,0,0,,
315,1,6,6,38,0,0,0,,
316,1,6,6,38,0,0,0,,
317,1,6,6,38,0,0,0,,
318,1,6,6,38,0,0,0,,
319,1,6,6,38,0,0,0,,
320,1,6,6,38,0,0,0,,
321,1,2,9,16,0,0,0,,
322,1,2,9,16,0,0,0,,
323,1,2,9,16,0,0,0,,
324,1,2,9,16,0,0,0,,
325,1,2,9,16,0,0,0,,
326,1,2,9,16,0,0,0,,
327,1,2,9,16,0,0,0,,
328,1,2,9,16,0,0,0,,
329,1,2,9,16,0,0,0,,
330,1,2,9,16,0,0,0,,
331,1,2,9,16,0,0,0,,
332,1,2,9,16,0,0,0,,
333,1,2,9,16,0,0,0,,
334,1,2,9,16,0,0,0,,
335,1,2,9,16,0,0,0,,
336,1,2,9,16,0,0,0,,
337,1,2,9,16,0,0,0,,
338,1,2,9,16,0,0,0,,
339,1,2,9,16,0,0,0,,
340,1,2,9,16,0,0,0,,
341,1,1,9,20,1,0,0,,
342,1,1,9,20,0,0,0,,
343,1,1,9,20,1,0,0,,
344,1,1,9,20,0,0,0,,
345,1,1,9,20,0,0,0,,
346,1,1,9,20,0,0,0,,
347,1,1,9,20,0,0,0,,
348,1,1,9,20,1,0,0,,
349,1,1,9,20,1,0,0,,
350,1,1,9,20,0,0,0,,
351,1,1,9,20,0,0,0,,
352,1,1,9,20,1,0,0,,
353,1,1,9,20,1,0,0,,
354,1,1,9,20,0,0,0,,
355,1,1,9,20,1,0,0,,
356,1,1,9,20,1,0,0,,
357,1,1,9,20,1,0,0,,
358,1,1,9,20,1,0,0,,
359,1,1,9,20,1,0,0,,
360,1,1,9,20,1,0,0,,
361,1,5,9,24,1,0,0,,
362,1,5,9,24,1,0,0,,
363,1,5,9,24,1,0,0,,
364,1,5,9,24,1,1,0,,
365,1,5,9,24,1,0,0,,
366,1,5,9,24,0,0,0,,
367,1,5,9,24,0,0,0,,
368,1,5,9,24,1,0,0,,
369,1,5,9,24,0,0,0,,
370,1,5,9,24,1,0,0,,
371,1,5,9,24,1,0,0,,
372,1,5,9,24,0,0,0,,
373,1,5,9,24,1,0,0,,
374,1,5,9,24,1,0,0,,
375,1,5,9,24,0,0,0,,
376,1,5,9,24,1,0,0,,
377,1,5,9,24,1,0,0,,
378,1,5,9,24,1,0,0,,
379,1,5,9,24,1,0,0,,
380,1,5,9,24,0,0,0,,
381,1,1,9,28,1,1,0,,
382,1,1,9,28,1,1,1,,
383,1,1,9,28,1,1,0,,
384,1,1,9,28,1,0,0,,
385,1,1,9,28,1,0,0,,
386,1,1,9,28,1,1,0,,
387,1,1,9,28,1,1,1,,
388,1,1,9,28,1,1,0,,
389,1,1,9,28,1,1,0,,
390,1,1,9,28,1,0,0,,
391,1,1,9,28,1,1,0,,
392,1,1,9,28,1,1,0,,
393,1,1,9,28,1,1,1,,
394,1,1,9,28,1,1,1,,
395,1,1,9,28,1,1,0,,
396,1,1,9,28,1,0,0,,
397,1,1,9,28,1,1,1,,
398,1,1,9,28,1,1,0,,
399,1,1,9,28,1,1,0,,
400,1,1,9,28,1,1,1,,
401,1,2,9,32,0,0,0,,
402,1,2,9,32,1,1,0,,
403,1,2,9,32,1,1,1,,
404,1,2,9,32,1,1,1,,
405,1,2,9,32,1,1,0,,
406,1,2,9,32,1,1,0,,
407,1,2,9,32,1,1,0,,
408,1,2,9,32,0,0,0,,
409,1,2,9,32,1,1,1,,
410,1,2,9,32,1,1,0,,
411,1,2,9,32,1,1,1,,
412,1,2,9,32,1,0,0,,
413,1,2,9,32,0,0,0,,
414,1,2,9,32,0,0,0,,
415,1,2,9,32,1,1,0,,
416,1,2,9,32,1,1,0,,
417,1,2,9,32,1,1,0,,
418,1,2,9,32,1,1,1,,
419,1,2,9,32,1,1,1,,
420,1,2,9,32,1,1,0,,
421,1,1,9,34,1,1,1,,
422,1,1,9,34,1,1,0,,
423,1,1,9,34,0,0,0,,
424,1,1,9,34,1,1,1,,
425,1,1,9,34,1,1,0,,
426,1,1,9,34,1,1,0,,
427,1,1,9,34,1,1,1,,
428,1,1,9,34,1,1,1,,
429,1,1,9,34,1,0,0,,
430,1,1,9,34,1,1,0,,
431,1,1,9,34,1,1,1,,
432,1,1,9,34,1,1,0,,
433,1,1,9,34,1,0,0,,
434,1,1,9,34,1,0,0,,
435,1,1,9,34,1,1,0,,
436,1,1,9,34,1,1,0,,
437,1,1,9,34,1,1,0,,
438,1,1,9,34,1,1,0,,
439,1,1,9,34,1,1,1,,
440,1,1,9,34,1,1,0,,
441,1,6,9,36,1,1,0,,
442,1,6,9,36,1,1,0,,
443,1,6,9,36,0,0,0,,
444,1,6,9,36,1,1,1,,
445,1,6,9,36,1,1,0,,
446,1,6,9,36,1,1,1,,
447,1,6,9,36,1,1,1,,
448,1,6,9,36,1,1,0,,
449,1,6,9,36,1,1,1,,
450,1,6,9,36,1,1,0,,
451,1,6,9,36,1,1,0,,
452,1,6,9,36,1,1,0,,
453,1,6,9,36,1,1,0,,
454,1,6,9,36,1,1,0,,
455,1,6,9,36,1,1,0,,
456,1,6,9,36,1,1,0,,
457,1,6,9,36,1,1,0,,
458,1,6,9,36,1,1,1,,
459,1,6,9,36,1,1,0,,
460,1,6,9,36,1,1,0,,
461,1,6,9,38,0,0,0,,
462,1,6,9,38,0,0,0,,
463,1,6,9,38,0,0,0,,
464,1,6,9,38,0,0,0,,
465,1,6,9,38,0,0,0,,
466,1,6,9,38,0,0,0,,
467,1,6,9,38,0,0,0,,
468,1,6,9,38,0,0,0,,
469,1,6,9,38,0,0,0,,
470,1,6,9,38,0,0,0,,
471,1,6,9,38,0,0,0,,
472,1,6,9,38,0,0,0,,
473,1,6,9,38,0,0,0,,
474,1,6,9,38,0,0,0,,
475,1,6,9,38,0,0,0,,
476,1,6,9,38,0,0,0,,
477,1,6,9,38,0,0,0,,
478,1,6,9,38,0,0,0,,
479,1,6,9,38,0,0,0,,
480,1,6,9,38,0,0,0,,
481,1,2,12,16,0,0,0,,
482,1,2,12,16,0,0,0,,
483,1,2,12,16,0,0,0,,
484,1,2,12,16,0,0,0,,
485,1,2,12,16,1,0,0,,
486,1,2,12,16,0,0,0,,
487,1,2,12,16,0,0,0,,
488,1,2,12,16,0,0,0,,
489,1,2,12,16,1,1,0,,
490,1,2,12,16,0,0,0,,
491,1,2,12,16,0,0,0,,
492,1,2,12,16,0,0,0,,
493,1,2,12,16,0,0,0,,
494,1,2,12,16,0,0,0,,
495,1,2,12,16,0,0,0,,
496,1,2,12,16,0,0,0,,
497,1,2,12,16,0,0,0,,
498,1,2,12,16,0,0,0,,
499,1,2,12,16,0,0,0,,
500,1,2,12,16,0,0,0,,
501,1,1,12,20,1,0,0,,
502,1,1,12,20,1,0,0,,
503,1,1,12,20,0,0,0,,
504,1,1,12,20,1,0,0,,
505,1,1,12,20,1,0,0,,
506,1,1,12,20,1,0,0,,
507,1,1,12,20,1,0,0,,
508,1,1,12,20,1,0,0,,
509,1,1,12,20,1,0,0,,
510,1,1,12,20,1,0,0,,
511,1,1,12,20,1,0,0,,
512,1,1,12,20,1,0,0,,
513,1,1,12,20,1,0,0,,
514,1,1,12,20,0,0,0,,
515,1,1,12,20,1,0,0,,
516,1,1,12,20,1,0,0,,
517,1,1,12,20,1,0,0,,
518,1,1,12,20,1,0,0,,
519,1,1,12,20,1,0,0,,
520,1,1,12,20,1,0,0,,
521,1,5,12,24,0,0,0,,
522,1,5,12,24,1,1,0,,
523,1,5,12,24,1,0,0,,
524,1,5,12,24,0,0,0,,
525,1,5,12,24,1,0,0,,
526,1,5,12,24,1,1,0,,
527,1,5,12,24,1,1,0,,
528,1,5,12,24,1,1,0,,
529,1,5,12,24,1,1,0,,
530,1,5,12,24,1,0,0,,
531,1,5,12,24,1,0,0,,
532,1,5,12,24,0,0,0,,
533,1,5,12,24,1,1,0,,
534,1,5,12,24,1,1,0,,
535,1,5,12,24,0,0,0,,
536,1,5,12,24,1,0,0,,
537,1,5,12,24,0,0,0,,
538,1,5,12,24,1,0,0,,
539,1,5,12,24,0,0,0,,
540,1,5,12,24,0,0,0,,
541,1,1,12,28,1,1,0,,
542,1,1,12,28,1,1,0,,
543,1,1,12,28,1,1,0,,
544,1,1,12,28,1,1,1,,
545,1,1,12,28,1,1,0,,
546,1,1,12,28,1,1,1,,
547,1,1,12,28,1,1,0,,
548,1,1,12,28,1,1,0,,
549,1,1,12,28,1,1,0,,
550,1,1,12,28,1,1,1,,
551,1,1,12,28,1,1,1,,
552,1,1,12,28,1,1,0,,
553,1,1,12,28,0,0,0,,
554,1,1,12,28,1,1,0,,
555,1,1,12,28,1,1,0,,
556,1,1,12,28,1,1,1,,
557,1,1,12,28,0,0,0,,
558,1,1,12,28,1,1,0,,
559,1,1,12,28,1,1,1,,
560,1,1,12,28,1,1,0,,
561,1,2,12,32,1,1,1,,
562,1,2,12,32,1,1,1,,
563,1,2,12,32,1,1,1,,
564,1,2,12,32,1,1,0,,
565,1,2,12,32,1,1,1,,
566,1,2,12,32,1,1,1,,
567,1,2,12,32,1,1,0,,
568,1,2,12,32,1,1,1,,
569,1,2,12,32,1,1,0,,
570,1,2,12,32,0,0,0,,
571,1,2,12,32,1,1,0,,
572,1,2,12,32,1,1,1,,
573,1,2,12,32,1,1,0,,
574,1,2,12,32,1,1,0,,
575,1,2,12,32,1,1,1,,
576,1,2,12,32,1,1,1,,
577,1,2,12,32,1,0,0,,
578,1,2,12,32,1,1,0,,
579,1,2,12,32,1,1,1,,
580,1,2,12,32,1,1,0,,
581,1,1,12,34,1,0,0,,
582,1,1,12,34,1,1,1,,
583,1,1,12,34,1,1,0,,
584,1,1,12,34,1,1,0,,
585,1,1,12,34,1,1,0,,
586,1,1,12,34,1,1,1,,
587,1,1,12,34,0,0,0,,
588,1,1,12,34,1,1,0,,
589,1,1,12,34,0,0,0,,
590,1,1,12,34,0,0,0,,
591,1,1,12,34,1,1,0,,
592,1,1,12,34,1,1,1,,
593,1,1,12,34,1,1,0,,
594,1,1,12,34,1,1,0,,
595,1,1,12,34,1,1,1,,
596,1,1,12,34,1,1,0,,
597,1,1,12,34,1,1,0,,
598,1,1,12,34,1,1,0,,
599,1,1,12,34,0,0,0,,
600,1,1,12,34,1,1,0,,
601,1,6,12,36,0,0,0,,
602,1,6,12,36,1,1,0,,
603,1,6,12,36,1,1,1,,
604,1,6,12,36,1,1,1,,
605,1,6,12,36,1,1,0,,
606,1,6,12,36,1,1,0,,
607,1,6,12,36,1,1,0,,
608,1,6,12,36,1,1,0,,
609,1,6,12,36,1,1,0,,
610,1,6,12,36,1,1,0,,
611,1,6,12,36,1,1,0,,
612,1,6,12,36,1,1,0,,
613,1,6,12,36,1,1,0,,
614,1,6,12,36,1,1,0,,
615,1,6,12,36,1,1,0,,
616,1,6,12,36,1,1,0,,
617,1,6,12,36,1,1,0,,
618,1,6,12,36,0,0,0,,
619,1,6,12,36,0,0,0,,
620,1,6,12,36,0,0,0,,
621,1,6,12,38,0,0,0,,
622,1,6,12,38,0,0,0,,
623,1,6,12,38,0,0,0,,
624,1,6,12,38,0,0,0,,
625,1,6,12,38,0,0,0,,
626,1,6,12,38,0,0,0,,
627,1,6,12,38,0,0,0,,
628,1,6,12,38,0,0,0,,
629,1,6,12,38,0,0,0,,
630,1,6,12,38,0,0,0,,
631,1,6,12,38,0,0,0,,
632,1,6,12,38,0,0,0,,
633,1,6,12,38,0,0,0,,
634,1,6,12,38,0,0,0,,
635,1,6,12,38,0,0,0,,
636,1,6,12,38,0,0,0,,
637,1,6,12,38,0,0,0,,
638,1,6,12,38,0,0,0,,
639,1,6,12,38,0,0,0,,
640,1,6,12,38,0,0,0,,
641,1,2,15,16,0,0,0,,
642,1,2,15,16,0,0,0,,
643,1,2,15,16,0,0,0,,
644,1,2,15,16,0,0,0,,
645,1,2,15,16,0,0,0,,
646,1,2,15,16,0,0,0,,
647,1,2,15,16,0,0,0,,
648,1,2,15,16,1,0,0,,
649,1,2,15,16,0,0,0,,
650,1,2,15,16,0,0,0,,
651,1,2,15,16,0,0,0,,
652,1,2,15,16,0,0,0,,
653,1,2,15,16,0,0,0,,
654,1,2,15,16,0,0,0,,
655,1,2,15,16,0,0,0,,
656,1,2,15,16,0,0,0,,
657,1,2,15,16,0,0,0,,
658,1,2,15,16,1,1,0,,
659,1,2,15,16,0,0,0,,
660,1,2,15,16,0,0,0,,
661,1,1,15,20,0,0,0,,
662,1,1,15,20,1,0,0,,
663,1,1,15,20,1,1,0,,
664,1,1,15,20,1,0,0,,
665,1,1,15,20,1,0,0,,
666,1,1,15,20,1,0,0,,
667,1,1,15,20,1,0,0,,
668,1,1,15,20,1,0,0,,
669,1,1,15,20,1,0,0,,
670,1,1,15,20,1,0,0,,
671,1,1,15,20,1,0,0,,
672,1,1,15,20,1,0,0,,
673,1,1,15,20,1,0,0,,
674,1,1,15,20,1,0,0,,
675,1,1,15,20,0,0,0,,
676,1,1,15,20,0,0,0,,
677,1,1,15,20,1,0,0,,
678,1,1,15,20,1,0,0,,
679,1,1,15,20,1,1,0,,
680,1,1,15,20,0,0,0,,
681,1,5,15,24,1,1,0,,
682,1,5,15,24,1,0,0,,
683,1,5,15,24,1,1,0,,
684,1,5,15,24,0,0,0,,
685,1,5,15,24,1,0,0,,
686,1,5,15,24,1,1,0,,
687,1,5,15,24,1,1,0,,
688,1,5,15,24,1,1,0,,
689,1,5,15,24,1,1,0,,
690,1,5,15,24,0,0,0,,
691,1,5,15,24,1,1,0,,
692,1,5,15,24,1,1,0,,
693,1,5,15,24,1,1,0,,
694,1,5,15,24,0,0,0,,
695,1,5,15,24,1,1,0,,
696,1,5,15,24,1,1,0,,
697,1,5,15,24,1,1,1,,
698,1,5,15,24,0,0,0,,
699,1,5,15,24,1,1,0,,
700,1,5,15,24,1,0,0,,
701,1,1,15,28,1,1,1,,
702,1,1,15,28,1,1,0,,
703,1,1,15,28,1,1,0,,
704,1,1,15,28,1,1,1,,
705,1,1,15,28,1,1,0,,
706,1,1,15,28,1,1,0,,
707,1,1,15,28,1,1,1,,
708,1,1,15,28,1,1,0,,
709,1,1,15,28,0,0,0,,
710,1,1,15,28,0,0,0,,
711,1,1,15,28,1,1,1,,
712,1,1,15,28,1,1,1,,
713,1,1,15,28,1,1,0,,
714,1,1,15,28,1,1,0,,
715,1,1,15,28,1,1,0,,
716,1,1,15,28,1,1,1,,
717,1,1,15,28,1,1,1,,
718,1,1,15,28,1,1,0,,
719,1,1,15,28,1,1,1,,
720,1,1,15,28,1,1,1,,
721,1,2,15,32,1,1,0,,
722,1,2,15,32,0,0,0,,
723,1,2,15,32,1,1,1,,
724,1,2,15,32,1,1,0,,
725,1,2,15,32,1,0,0,,
726,1,2,15,32,1,1,0,,
727,1,2,15,32,1,1,0,,
728,1,2,15,32,1,1,0,,
729,1,2,15,32,1,1,0,,
730,1,2,15,32,1,1,0,,
731,1,2,15,32,1,1,0,,
732,1,2,15,32,1,1,1,,
733,1,2,15,32,1,1,1,,
734,1,2,15,32,1,1,0,,
735,1,2,15,32,1,1,0,,
736,1,2,15,32,1,1,0,,
737,1,2,15,32,1,1,0,,
738,1,2,15,32,1,1,0,,
739,1,2,15,32,1,1,1,,
740,1,2,15,32,1,1,0,,
741,1,1,15,34,1,1,1,,
742,1,1,15,34,1,1,0,,
743,1,1,15,34,1,1,1,,
744,1,1,15,34,1,1,1,,
745,1,1,15,34,1,1,1,,
746,1,1,15,34,1,1,1,,
747,1,1,15,34,0,0,0,,
748,1,1,15,34,1,1,0,,
749,1,1,15,34,1,1,0,,
750,1,1,15,34,0,0,0,,
751,1,1,15,34,1,1,0,,
752,1,1,15,34,1,1,0,,
753,1,1,15,34,1,1,0,,
754,1,1,15,34,1,1,0,,
755,1,1,15,34,1,1,0,,
756,1,1,15,34,1,1,0,,
757,1,1,15,34,1,1,0,,
758,1,1,15,34,1,1,0,,
759,1,1,15,34,1,1,0,,
760,1,1,15,34,1,1,0,,
761,1,6,15,36,1,1,0,,
762,1,6,15,36,1,1,0,,
763,1,6,15,36,1,1,0,,
764,1,6,15,36,1,1,0,,
765,1,6,15,36,1,1,0,,
766,1,6,15,36,1,1,0,,
767,1,6,15,36,1,1,0,,
768,1,6,15,36,0,0,0,,
769,1,6,15,36,1,1,0,,
770,1,6,15,36,1,1,0,,
771,1,6,15,36,1,1,0,,
772,1,6,15,36,0,0,0,,
773,1,6,15,36,1,1,0,,
774,1,6,15,36,1,0,0,,
775,1,6,15,36,1,1,0,,
776,1,6,15,36,1,1,0,,
777,1,6,15,36,1,1,0,,
778,1,6,15,36,0,0,0,,
779,1,6,15,36,0,0,0,,
780,1,6,15,36,0,0,0,,
781,1,6,15,38,0,0,0,,
782,1,6,15,38,0,0,0,,
783,1,6,15,38,0,0,0,,
784,1,6,15,38,0,0,0,,
785,1,6,15,38,0,0,0,,
786,1,6,15,38,0,0,0,,
787,1,6,15,38,0,0,0,,
788,1,6,15,38,0,0,0,,
789,1,6,15,38,0,0,0,,
790,1,6,15,38,0,0,0,,
791,1,6,15,38,0,0,0,,
792,1,6,15,38,0,0,0,,
793,1,6,15,38,0,0,0,,
794,1,6,15,38,0,0,0,,
795,1,6,15,38,0,0,0,,
796,1,6,15,38,0,0,0,,
797,1,6,15,38,0,0,0,,
798,1,6,15,38,0,0,0,,
799,1,6,15,38,0,0,0,,
800,1,6,15,38,0,0,0,,
801,1,2,18,16,0,0,0,,
802,1,2,18,16,0,0,0,,
803,1,2,18,16,0,0,0,,
804,1,2,18,16,0,0,0,,
805,1,2,18,16,0,0,0,,
806,1,2,18,16,0,0,0,,
807,1,2,18,16,0,0,0,,
808,1,2,18,16,0,0,0,,
809,1,2,18,16,0,0,0,,
810,1,2,18,16,0,0,0,,
811,1,2,18,16,1,1,0,,
812,1,2,18,16,0,0,0,,
813,1,2,18,16,1,0,0,,
814,1,2,18,16,1,0,0,,
815,1,2,18,16,1,1,0,,
816,1,2,18,16,1,1,0,,
817,1,2,18,16,0,0,0,,
818,1,2,18,16,0,0,0,,
819,1,2,18,16,1,1,0,,
820,1,2,18,16,0,0,0,,
821,1,1,18,20,1,0,0,,
822,1,1,18,20,0,0,0,,
823,1,1,18,20,1,0,0,,
824,1,1,18,20,1,0,0,,
825,1,1,18,20,1,0,0,,
826,1,1,18,20,1,0,0,,
827,1,1,18,20,1,0,0,,
828,1,1,18,20,1,0,0,,
829,1,1,18,20,1,0,0,,
830,1,1,18,20,1,0,0,,
831,1,1,18,20,1,0,0,,
832,1,1,18,20,1,0,0,,
833,1,1,18,20,1,0,0,,
834,1,1,18,20,1,0,0,,
835,1,1,18,20,0,0,0,,
836,1,1,18,20,1,0,0,,
837,1,1,18,20,1,0,0,,
838,1,1,18,20,0,0,0,,
839,1,1,18,20,1,0,0,,
840,1,1,18,20,1,0,0,,
841,1,5,18,24,1,1,0,,
842,1,5,18,24,1,1,1,,
843,1,5,18,24,1,1,1,,
844,1,5,18,24,1,1,0,,
845,1,5,18,24,1,1,0,,
846,1,5,18,24,0,0,0,,
847,1,5,18,24,1,1,0,,
848,1,5,18,24,1,1,0,,
849,1,5,18,24,1,1,0,,
850,1,5,18,24,1,1,0,,
851,1,5,18,24,0,0,0,,
852,1,5,18,24,1,1,1,,
853,1,5,18,24,1,1,1,,
854,1,5,18,24,0,0,0,,
855,1,5,18,24,1,1,0,,
856,1,5,18,24,0,0,0,,
857,1,5,18,24,0,0,0,,
858,1,5,18,24,0,0,0,,
859,1,5,18,24,0,0,0,,
860,1,5,18,24,0,0,0,,
861,1,1,18,28,1,1,0,,
862,1,1,18,28,1,1,0,,
863,1,1,18,28,1,1,1,,
864,1,1,18,28,1,1,0,,
865,1,1,18,28,1,1,1,,
866,1,1,18,28,1,1,0,,
867,1,1,18,28,1,1,0,,
868,1,1,18,28,1,1,0,,
869,1,1,18,28,1,1,0,,
870,1,1,18,28,1,1,1,,
871,1,1,18,28,1,1,1,,
872,1,1,18,28,1,1,0,,
873,1,1,18,28,1,1,0,,
874,1,1,18,28,1,1,0,,
875,1,1,18,28,1,1,0,,
876,1,1,18,28,1,1,0,,
877,1,1,18,28,1,1,0,,
878,1,1,18,28,1,0,0,,
879,1,1,18,28,1,1,0,,
880,1,1,18,28,1,0,0,,
881,1,2,18,32,1,1,0,,
882,1,2,18,32,1,1,0,,
883,1,2,18,32,1,1,0,,
884,1,2,18,32,1,1,0,,
885,1,2,18,32,1,1,0,,
886,1,2,18,32,1,1,0,,
887,1,2,18,32,1,1,0,,
888,1,2,18,32,1,1,0,,
889,1,2,18,32,1,1,1,,
890,1,2,18,32,1,1,0,,
891,1,2,18,32,1,1,0,,
892,1,2,18,32,1,1,1,,
893,1,2,18,32,0,0,0,,
894,1,2,18,32,0,0,0,,
895,1,2,18,32,1,1,0,,
896,1,2,18,32,1,1,0,,
897,1,2,18,32,1,1,0,,
898,1,2,18,32,1,1,0,,
899,1,2,18,32,1,1,0,,
900,1,2,18,32,0,0,0,,
901,1,1,18,34,1,1,0,,
902,1,1,18,34,1,1,0,,
903,1,1,18,34,1,1,0,,
904,1,1,18,34,1,1,0,,
905,1,1,18,34,1,1,0,,
906,1,1,18,34,1,1,0,,
907,1,1,18,34,1,1,0,,
908,1,1,18,34,1,1,0,,
909,1,1,18,34,1,1,0,,
910,1,1,18,34,1,1,1,,
911,1,1,18,34,1,1,0,,
912,1,1,18,34,1,1,0,,
913,1,1,18,34,1,1,1,,
914,1,1,18,34,1,1,0,,
915,1,1,18,34,1,1,0,,
916,1,1,18,34,1,1,0,,
917,1,1,18,34,1,1,0,,
918,1,1,18,34,1,1,1,,
919,1,1,18,34,0,0,0,,
920,1,1,18,34,1,1,0,,
921,1,6,18,36,0,0,0,,
922,1,6,18,36,0,0,0,,
923,1,6,18,36,0,0,0,,
924,1,6,18,36,0,0,0,,
925,1,6,18,36,0,0,0,,
926,1,6,18,36,0,0,0,,
927,1,6,18,36,0,0,0,,
928,1,6,18,36,0,0,0,,
929,1,6,18,36,0,0,0,,
930,1,6,18,36,0,0,0,,
931,1,6,18,36,0,0,0,,
932,1,6,18,36,0,0,0,,
933,1,6,18,36,0,0,0,,
934,1,6,18,36,0,0,0,,
935,1,6,18,36,0,0,0,,
936,1,6,18,36,0,0,0,,
937,1,6,18,36,0,0,0,,
938,1,6,18,36,0,0,0,,
939,1,6,18,36,0,0,0,,
940,1,6,18,36,0,0,0,,
941,1,6,18,38,0,0,0,,
942,1,6,18,38,0,0,0,,
943,1,6,18,38,0,0,0,,
944,1,6,18,38,0,0,0,,
945,1,6,18,38,0,0,0,,
946,1,6,18,38,0,0,0,,
947,1,6,18,38,0,0,0,,
948,1,6,18,38,0,0,0,,
949,1,6,18,38,0,0,0,,
950,1,6,18,38,0,0,0,,
951,1,6,18,38,0,0,0,,
952,1,6,18,38,0,0,0,,
953,1,6,18,38,0,0,0,,
954,1,6,18,38,0,0,0,,
955,1,6,18,38,0,0,0,,
956,1,6,18,38,0,0,0,,
957,1,6,18,38,0,0,0,,
958,1,6,18,38,0,0,0,,
959,1,6,18,38,0,0,0,,
960,1,6,18,38,0,0,0,,
961,1,2,21,16,1,0,0,,
962,1,2,21,16,0,0,0,,
963,1,2,21,16,0,0,0,,
964,1,2,21,16,0,0,0,,
965,1,2,21,16,0,0,0,,
966,1,2,21,16,0,0,0,,
967,1,2,21,16,0,0,0,,
968,1,2,21,16,0,0,0,,
969,1,2,21,16,0,0,0,,
970,1,2,21,16,1,1,0,,
971,1,2,21,16,0,0,0,,
972,1,2,21,16,1,1,0,,
973,1,2,21,16,1,1,0,,
974,1,2,21,16,0,0,0,,
975,1,2,21,16,0,0,0,,
976,1,2,21,16,1,1,0,,
977,1,2,21,16,0,0,0,,
978,1,2,21,16,0,0,0,,
979,1,2,21,16,0,0,0,,
980,1,2,21,16,0,0,0,,
981,1,1,21,20,1,0,0,,
982,1,1,21,20,1,1,0,,
983,1,1,21,20,1,0,0,,
984,1,1,21,20,1,0,0,,
985,1,1,21,20,1,0,0,,
986,1,1,21,20,1,0,0,,
987,1,1,21,20,1,0,0,,
988,1,1,21,20,1,0,0,,
989,1,1,21,20,1,0,0,,
990,1,1,21,20,1,0,0,,
991,1,1,21,20,1,0,0,,
992,1,1,21,20,1,0,0,,
993,1,1,21,20,1,0,0,,
994,1,1,21,20,1,0,0,,
995,1,1,21,20,1,0,0,,
996,1,1,21,20,1,0,0,,
997,1,1,21,20,0,0,0,,
998,1,1,21,20,1,1,1,,
999,1,1,21,20,1,0,0,,
1000,1,1,21,20,1,0,0,,
1001,1,5,21,24,0,0,0,,
1002,1,5,21,24,1,1,0,,
1003,1,5,21,24,1,0,0,,
1004,1,5,21,24,1,1,0,,
1005,1,5,21,24,1,1,0,,
1006,1,5,21,24,1,0,0,,
1007,1,5,21,24,1,1,0,,
1008,1,5,21,24,1,1,0,,
1009,1,5,21,24,0,0,0,,
1010,1,5,21,24,1,1,0,,
1011,1,5,21,24,1,1,0,,
1012,1,5,21,24,1,1,0,,
1013,1,5,21,24,1,1,0,,
1014,1,5,21,24,1,0,0,,
1015,1,5,21,24,1,1,1,,
1016,1,5,21,24,1,0,0,,
1017,1,5,21,24,1,1,0,,
1018,1,5,21,24,0,0,0,,
1019,1,5,21,24,0,0,0,,
1020,1,5,21,24,1,0,0,,
1021,1,1,21,28,0,0,0,,
1022,1,1,21,28,1,1,1,,
1023,1,1,21,28,1,1,1,,
1024,1,1,21,28,1,1,1,,
1025,1,1,21,28,1,1,1,,
1026,1,1,21,28,1,1,1,,
1027,1,1,21,28,1,1,0,,
1028,1,1,21,28,1,1,0,,
1029,1,1,21,28,1,1,1,,
1030,1,1,21,28,1,1,0,,
1031,1,1,21,28,1,1,1,,
1032,1,1,21,28,1,1,1,,
1033,1,1,21,28,1,1,1,,
1034,1,1,21,28,1,1,0,,
1035,1,1,21,28,1,1,1,,
1036,1,1,21,28,1,1,0,,
1037,1,1,21,28,1,1,0,,
1038,1,1,21,28,1,1,0,,
1039,1,1,21,28,1,1,1,,
1040,1,1,21,28,1,1,0,,
1041,1,2,21,32,1,1,0,,
1042,1,2,21,32,1,1,0,,
1043,1,2,21,32,0,0,0,,
1044,1,2,21,32,1,1,0,,
1045,1,2,21,32,1,1,0,,
1046,1,2,21,32,1,1,0,,
1047,1,2,21,32,1,1,0,,
1048,1,2,21,32,1,1,1,,
1049,1,2,21,32,1,1,0,,
1050,1,2,21,32,1,1,0,,
1051,1,2,21,32,1,1,0,,
1052,1,2,21,32,1,1,0,,
1053,1,2,21,32,1,1,0,,
1054,1,2,21,32,1,1,0,,
1055,1,2,21,32,1,1,0,,
1056,1,2,21,32,1,1,1,,
1057,1,2,21,32,1,1,0,,
1058,1,2,21,32,1,1,0,,
1059,1,2,21,32,1,1,0,,
1060,1,2,21,32,1,1,0,,
1061,1,1,21,34,1,1,1,,
1062,1,1,21,34,1,1,1,,
1063,1,1,21,34,1,1,1,,
1064,1,1,21,34,1,1,0,,
1065,1,1,21,34,1,1,0,,
1066,1,1,21,34,0,0,0,,
1067,1,1,21,34,1,1,0,,
1068,1,1,21,34,1,1,0,,
1069,1,1,21,34,1,1,0,,
1070,1,1,21,34,1,1,0,,
1071,1,1,21,34,1,1,0,,
1072,1,1,21,34,1,1,0,,
1073,1,1,21,34,1,1,0,,
1074,1,1,21,34,1,1,0,,
1075,1,1,21,34,1,1,0,,
1076,1,1,21,34,1,1,0,,
1077,1,1,21,34,1,1,0,,
1078,1,1,21,34,1,1,0,,
1079,1,1,21,34,1,1,0,,
1080,1,1,21,34,1,1,1,,
1081,1,6,21,36,0,0,0,,
1082,1,6,21,36,0,0,0,,
1083,1,6,21,36,0,0,0,,
1084,1,6,21,36,0,0,0,,
1085,1,6,21,36,0,0,0,,
1086,1,6,21,36,0,0,0,,
1087,1,6,21,36,0,0,0,,
1088,1,6,21,36,0,0,0,,
1089,1,6,21,36,0,0,0,,
1090,1,6,21,36,0,0,0,,
1091,1,6,21,36,0,0,0,,
1092,1,6,21,36,0,0,0,,
1093,1,6,21,36,0,0,0,,
1094,1,6,21,36,0,0,0,,
1095,1,6,21,36,0,0,0,,
1096,1,6,21,36,0,0,0,,
1097,1,6,21,36,0,0,0,,
1098,1,6,21,36,0,0,0,,
1099,1,6,21,36,0,0,0,,
1100,1,6,21,36,0,0,0,,
1101,1,6,21,38,0,0,0,,
1102,1,6,21,38,0,0,0,,
1103,1,6,21,38,0,0,0,,
1104,1,6,21,38,0,0,0,,
1105,1,6,21,38,0,0,0,,
1106,1,6,21,38,0,0,0,,
1107,1,6,21,38,0,0,0,,
1108,1,6,21,38,0,0,0,,
1109,1,6,21,38,0,0,0,,
1110,1,6,21,38,0,0,0,,
1111,1,6,21,38,0,0,0,,
1112,1,6,21,38,0,0,0,,
1113,1,6,21,38,0,0,0,,
1114,1,6,21,38,0,0,0,,
1115,1,6,21,38,0,0,0,,
1116,1,6,21,38,0,0,0,,
1117,1,6,21,38,0,0,0,,
1118,1,6,21,38,0,0,0,,
1119,1,6,21,38,0,0,0,,
1120,1,6,21,38,0,0,0,,
1121,2,4,3,16,0,0,0,,
1122,2,4,3,16,0,0,0,,
1123,2,4,3,16,0,0,0,,
1124,2,4,3,16,0,0,0,,
1125,2,4,3,16,0,0,0,,
1126,2,4,3,16,0,0,0,,
1127,2,4,3,16,0,0,0,,
1128,2,4,3,16,0,0,0,,
1129,2,4,3,16,0,0,0,,
1130,2,4,3,16,0,0,0,,
1131,2,4,3,16,0,0,0,,
1132,2,4,3,16,0,0,0,,
1133,2,4,3,16,0,0,0,,
1134,2,4,3,16,0,0,0,,
1135,2,4,3,16,0,0,0,,
1136,2,4,3,16,0,0,0,,
1137,2,4,3,16,0,0,0,,
1138,2,4,3,16,0,0,0,,
1139,2,4,3,16,0,0,0,,
1140,2,4,3,16,0,0,0,,
1141,2,3,3,20,0,0,0,,
1142,2,3,3,20,0,0,0,,
1143,2,3,3,20,0,0,0,,
1144,2,3,3,20,0,0,0,,
1145,2,3,3,20,0,0,0,,
1146,2,3,3,20,0,0,0,,
1147,2,3,3,20,0,0,0,,
1148,2,3,3,20,0,0,0,,
1149,2,3,3,20,0,0,0,,
1150,2,3,3,20,0,0,0,,
1151,2,3,3,20,0,0,0,,
1152,2,3,3,20,0,0,0,,
1153,2,3,3,20,0,0,0,,
1154,2,3,3,20,0,0,0,,
1155,2,3,3,20,0,0,0,,
1156,2,3,3,20,0,0,0,,
1157,2,3,3,20,0,0,0,,
1158,2,3,3,20,0,0,0,,
1159,2,3,3,20,0,0,0,,
1160,2,3,3,20,0,0,0,,
1161,2,3,3,24,1,0,0,,
1162,2,3,3,24,0,0,0,,
1163,2,3,3,24,1,0,0,,
1164,2,3,3,24,0,0,0,,
1165,2,3,3,24,0,0,0,,
1166,2,3,3,24,1,0,0,,
1167,2,3,3,24,1,0,0,,
1168,2,3,3,24,1,0,0,,
1169,2,3,3,24,1,0,0,,
1170,2,3,3,24,0,0,0,,
1171,2,3,3,24,1,0,0,,
1172,2,3,3,24,1,0,0,,
1173,2,3,3,24,0,0,0,,
1174,2,3,3,24,1,0,0,,
1175,2,3,3,24,1,0,0,,
1176,2,3,3,24,0,0,0,,
1177,2,3,3,24,0,0,0,,
1178,2,3,3,24,0,0,0,,
1179,2,3,3,24,0,0,0,,
1180,2,3,3,24,0,0,0,,
1181,2,4,3,28,1,0,0,,
1182,2,4,3,28,1,0,0,,
1183,2,4,3,28,1,0,0,,
1184,2,4,3,28,1,0,0,,
1185,2,4,3,28,1,0,0,,
1186,2,4,3,28,0,0,0,,
1187,2,4,3,28,1,0,0,,
1188,2,4,3,28,1,0,0,,
1189,2,4,3,28,1,0,0,,
1190,2,4,3,28,1,0,0,,
1191,2,4,3,28,0,0,0,,
1192,2,4,3,28,1,0,0,,
1193,2,4,3,28,1,0,0,,
1194,2,4,3,28,1,0,0,,
1195,2,4,3,28,1,0,0,,
1196,2,4,3,28,0,0,0,,
1197,2,4,3,28,1,0,0,,
1198,2,4,3,28,1,0,0,,
1199,2,4,3,28,1,0,0,,
1200,2,4,3,28,1,0,0,,
1201,2,5,3,32,1,0,0,,
1202,2,5,3,32,1,0,0,,
1203,2,5,3,32,1,0,0,,
1204,2,5,3,32,1,0,0,,
1205,2,5,3,32,1,0,0,,
1206,2,5,3,32,0,0,0,,
1207,2,5,3,32,1,0,0,,
1208,2,5,3,32,1,0,0,,
1209,2,5,3,32,1,0,0,,
1210,2,5,3,32,1,0,0,,
1211,2,5,3,32,0,0,0,,
1212,2,5,3,32,1,0,0,,
1213,2,5,3,32,1,1,0,,
1214,2,5,3,32,0,0,0,,
1215,2,5,3,32,1,0,0,,
1216,2,5,3,32,0,0,0,,
1217,2,5,3,32,1,0,0,,
1218,2,5,3,32,1,1,0,,
1219,2,5,3,32,1,0,0,,
1220,2,5,3,32,1,0,0,,
1221,2,3,3,34,1,1,0,,
1222,2,3,3,34,1,0,0,,
1223,2,3,3,34,1,0,0,,
1224,2,3,3,34,1,1,0,,
1225,2,3,3,34,1,1,0,,
1226,2,3,3,34,0,0,0,,
1227,2,3,3,34,1,0,0,,
1228,2,3,3,34,1,0,0,,
1229,2,3,3,34,1,1,0,,
1230,2,3,3,34,1,0,0,,
1231,2,3,3,34,1,0,0,,
1232,2,3,3,34,0,0,0,,
1233,2,3,3,34,1,0,0,,
1234,2,3,3,34,0,0,0,,
1235,2,3,3,34,1,0,0,,
1236,2,3,3,34,1,1,0,,
1237,2,3,3,34,1,0,0,,
1238,2,3,3,34,1,0,0,,
1239,2,3,3,34,1,0,0,,
1240,2,3,3,34,1,0,0,,
1241,2,7,3,36,1,0,0,,
1242,2,7,3,36,1,0,0,,
1243,2,7,3,36,1,0,0,,
1244,2,7,3,36,1,1,0,,
1245,2,7,3,36,1,1,0,,
1246,2,7,3,36,1,0,0,,
1247,2,7,3,36,1,1,0,,
1248,2,7,3,36,1,1,0,,
1249,2,7,3,36,1,1,0,,
1250,2,7,3,36,1,1,0,,
1251,2,7,3,36,1,0,0,,
1252,2,7,3,36,1,1,0,,
1253,2,7,3,36,1,0,0,,
1254,2,7,3,36,1,1,0,,
1255,2,7,3,36,1,1,0,,
1256,2,7,3,36,0,0,0,,
1257,2,7,3,36,1,1,0,,
1258,2,7,3,36,1,1,0,,
1259,2,7,3,36,1,1,0,,
1260,2,7,3,36,1,1,0,,
1261,2,7,3,38,1,1,0,,
1262,2,7,3,38,1,1,0,,
1263,2,7,3,38,1,0,0,,
1264,2,7,3,38,1,1,0,,
1265,2,7,3,38,1,1,0,,
1266,2,7,3,38,1,0,0,,
1267,2,7,3,38,1,1,0,,
1268,2,7,3,38,1,1,0,,
1269,2,7,3,38,1,1,0,,
1270,2,7,3,38,1,0,0,,
1271,2,7,3,38,0,0,0,,
1272,2,7,3,38,0,0,0,,
1273,2,7,3,38,0,0,0,,
1274,2,7,3,38,0,0,0,,
1275,2,7,3,38,0,0,0,,
1276,2,7,3,38,0,0,0,,
1277,2,7,3,38,0,0,0,,
1278,2,7,3,38,0,0,0,,
1279,2,7,3,38,0,0,0,,
1280,2,7,3,38,0,0,0,,
1281,2,4,6,16,0,0,0,,
1282,2,4,6,16,0,0,0,,
1283,2,4,6,16,0,0,0,,
1284,2,4,6,16,0,0,0,,
1285,2,4,6,16,0,0,0,,
1286,2,4,6,16,0,0,0,,
1287,2,4,6,16,0,0,0,,
1288,2,4,6,16,0,0,0,,
1289,2,4,6,16,0,0,0,,
1290,2,4,6,16,0,0,0,,
1291,2,4,6,16,0,0,0,,
1292,2,4,6,16,0,0,0,,
1293,2,4,6,16,0,0,0,,
1294,2,4,6,16,0,0,0,,
1295,2,4,6,16,0,0,0,,
1296,2,4,6,16,0,0,0,,
1297,2,4,6,16,0,0,0,,
1298,2,4,6,16,0,0,0,,
1299,2,4,6,16,0,0,0,,
1300,2,4,6,16,0,0,0,,
1301,2,3,6,20,0,0,0,,
1302,2,3,6,20,0,0,0,,
1303,2,3,6,20,0,0,0,,
1304,2,3,6,20,1,0,0,,
1305,2,3,6,20,0,0,0,,
1306,2,3,6,20,1,0,0,,
1307,2,3,6,20,1,0,0,,
1308,2,3,6,20,1,0,0,,
1309,2,3,6,20,0,0,0,,
1310,2,3,6,20,1,0,0,,
1311,2,3,6,20,1,0,0,,
1312,2,3,6,20,0,0,0,,
1313,2,3,6,20,0,0,0,,
1314,2,3,6,20,0,0,0,,
1315,2,3,6,20,1,0,0,,
1316,2,3,6,20,1,0,0,,
1317,2,3,6,20,0,0,0,,
1318,2,3,6,20,0,0,0,,
1319,2,3,6,20,1,0,0,,
1320,2,3,6,20,0,0,0,,
1321,2,3,6,24,1,0,0,,
1322,2,3,6,24,1,0,0,,
1323,2,3,6,24,1,0,0,,
1324,2,3,6,24,1,0,0,,
1325,2,3,6,24,1,0,0,,
1326,2,3,6,24,1,0,0,,
1327,2,3,6,24,1,0,0,,
1328,2,3,6,24,0,0,0,,
1329,2,3,6,24,1,0,0,,
1330,2,3,6,24,1,0,0,,
1331,2,3,6,24,1,0,0,,
1332,2,3,6,24,1,0,0,,
1333,2,3,6,24,1,0,0,,
1334,2,3,6,24,1,0,0,,
1335,2,3,6,24,1,0,0,,
1336,2,3,6,24,1,0,0,,
1337,2,3,6,24,1,0,0,,
1338,2,3,6,24,0,0,0,,
1339,2,3,6,24,1,0,0,,
1340,2,3,6,24,1,0,0,,
1341,2,4,6,28,1,1,0,,
1342,2,4,6,28,1,0,0,,
1343,2,4,6,28,1,1,0,,
1344,2,4,6,28,1,0,0,,
1345,2,4,6,28,0,0,0,,
1346,2,4,6,28,1,1,0,,
1347,2,4,6,28,1,1,0,,
1348,2,4,6,28,0,0,0,,
1349,2,4,6,28,1,0,0,,
1350,2,4,6,28,1,1,0,,
1351,2,4,6,28,1,0,0,,
1352,2,4,6,28,1,1,0,,
1353,2,4,6,28,1,1,0,,
1354,2,4,6,28,1,0,0,,
1355,2,4,6,28,1,0,0,,
1356,2,4,6,28,1,0,0,,
1357,2,4,6,28,1,1,0,,
1358,2,4,6,28,0,0,0,,
1359,2,4,6,28,1,0,0,,
1360,2,4,6,28,0,0,0,,
1361,2,5,6,32,1,1,0,,
1362,2,5,6,32,1,1,0,,
1363,2,5,6,32,0,0,0,,
1364,2,5,6,32,0,0,0,,
1365,2,5,6,32,1,1,0,,
1366,2,5,6,32,0,0,0,,
1367,2,5,6,32,0,0,0,,
1368,2,5,6,32,0,0,0,,
1369,2,5,6,32,0,0,0,,
1370,2,5,6,32,1,1,0,,
1371,2,5,6,32,1,1,0,,
1372,2,5,6,32,1,1,0,,
1373,2,5,6,32,1,1,0,,
1374,2,5,6,32,0,0,0,,
1375,2,5,6,32,1,1,0,,
1376,2,5,6,32,1,1,0,,
1377,2,5,6,32,0,0,0,,
1378,2,5,6,32,1,1,0,,
1379,2,5,6,32,1,0,0,,
1380,2,5,6,32,0,0,0,,
1381,2,3,6,34,1,1,0,,
1382,2,3,6,34,0,0,0,,
1383,2,3,6,34,0,0,0,,
1384,2,3,6,34,1,1,0,,
1385,2,3,6,34,1,1,1,,
1386,2,3,6,34,1,1,0,,
1387,2,3,6,34,1,1,0,,
1388,2,3,6,34,1,1,1,,
1389,2,3,6,34,1,0,0,,
1390,2,3,6,34,1,1,0,,
1391,2,3,6,34,1,1,0,,
1392,2,3,6,34,1,1,0,,
1393,2,3,6,34,1,1,0,,
1394,2,3,6,34,1,1,0,,
1395,2,3,6,34,1,1,0,,
1396,2,3,6,34,1,1,0,,
1397,2,3,6,34,1,1,0,,
1398,2,3,6,34,1,1,0,,
1399,2,3,6,34,1,1,0,,
1400,2,3,6,34,1,1,0,,
1401,2,7,6,36,1,1,0,,
1402,2,7,6,36,1,1,0,,
1403,2,7,6,36,1,1,1,,
1404,2,7,6,36,1,1,0,,
1405,2,7,6,36,1,1,0,,
1406,2,7,6,36,1,1,0,,
1407,2,7,6,36,1,1,1,,
1408,2,7,6,36,1,1,0,,
1409,2,7,6,36,1,1,0,,
1410,2,7,6,36,1,1,0,,
1411,2,7,6,36,1,1,0,,
1412,2,7,6,36,1,1,1,,
1413,2,7,6,36,1,1,0,,
1414,2,7,6,36,1,1,0,,
1415,2,7,6,36,1,1,0,,
1416,2,7,6,36,1,1,0,,
1417,2,7,6,36,1,0,0,,
1418,2,7,6,36,1,1,0,,
1419,2,7,6,36,1,1,0,,
1420,2,7,6,36,1,1,0,,
1421,2,7,6,38,0,0,0,,
1422,2,7,6,38,0,0,0,,
1423,2,7,6,38,0,0,0,,
1424,2,7,6,38,0,0,0,,
1425,2,7,6,38,0,0,0,,
1426,2,7,6,38,0,0,0,,
1427,2,7,6,38,0,0,0,,
1428,2,7,6,38,0,0,0,,
1429,2,7,6,38,0,0,0,,
1430,2,7,6,38,0,0,0,,
1431,2,7,6,38,0,0,0,,
1432,2,7,6,38,0,0,0,,
1433,2,7,6,38,0,0,0,,
1434,2,7,6,38,0,0,0,,
1435,2,7,6,38,0,0,0,,
1436,2,7,6,38,0,0,0,,
1437,2,7,6,38,0,0,0,,
1438,2,7,6,38,0,0,0,,
1439,2,7,6,38,0,0,0,,
1440,2,7,6,38,0,0,0,,
1441,2,4,9,16,0,0,0,,
1442,2,4,9,16,0,0,0,,
1443,2,4,9,16,0,0,0,,
1444,2,4,9,16,0,0,0,,
1445,2,4,9,16,0,0,0,,
1446,2,4,9,16,0,0,0,,
1447,2,4,9,16,0,0,0,,
1448,2,4,9,16,0,0,0,,
1449,2,4,9,16,0,0,0,,
1450,2,4,9,16,0,0,0,,
1451,2,4,9,16,0,0,0,,
1452,2,4,9,16,0,0,0,,
1453,2,4,9,16,0,0,0,,
1454,2,4,9,16,0,0,0,,
1455,2,4,9,16,0,0,0,,
1456,2,4,9,16,0,0,0,,
1457,2,4,9,16,0,0,0,,
1458,2,4,9,16,0,0,0,,
1459,2,4,9,16,0,0,0,,
1460,2,4,9,16,0,0,0,,
1461,2,3,9,20,0,0,0,,
1462,2,3,9,20,1,0,0,,
1463,2,3,9,20,0,0,0,,
1464,2,3,9,20,0,0,0,,
1465,2,3,9,20,1,0,0,,
1466,2,3,9,20,1,0,0,,
1467,2,3,9,20,1,0,0,,
1468,2,3,9,20,0,0,0,,
1469,2,3,9,20,0,0,0,,
1470,2,3,9,20,0,0,0,,
1471,2,3,9,20,0,0,0,,
1472,2,3,9,20,0,0,0,,
1473,2,3,9,20,1,0,0,,
1474,2,3,9,20,0,0,0,,
1475,2,3,9,20,0,0,0,,
1476,2,3,9,20,0,0,0,,
1477,2,3,9,20,1,0,0,,
1478,2,3,9,20,0,0,0,,
1479,2,3,9,20,0,0,0,,
1480,2,3,9,20,0,0,0,,
1481,2,3,9,24,1,0,0,,
1482,2,3,9,24,1,0,0,,
1483,2,3,9,24,1,0,0,,
1484,2,3,9,24,1,0,0,,
1485,2,3,9,24,1,1,0,,
1486,2,3,9,24,1,0,0,,
1487,2,3,9,24,1,1,0,,
1488,2,3,9,24,0,0,0,,
1489,2,3,9,24,1,0,0,,
1490,2,3,9,24,1,0,0,,
1491,2,3,9,24,1,1,0,,
1492,2,3,9,24,1,0,0,,
1493,2,3,9,24,1,0,0,,
1494,2,3,9,24,0,0,0,,
1495,2,3,9,24,0,0,0,,
1496,2,3,9,24,1,0,0,,
1497,2,3,9,24,0,0,0,,
1498,2,3,9,24,1,0,0,,
1499,2,3,9,24,0,0,0,,
1500,2,3,9,24,0,0,0,,
1501,2,4,9,28,1,1,0,,
1502,2,4,9,28,0,0,0,,
1503,2,4,9,28,1,1,0,,
1504,2,4,9,28,1,1,0,,
1505,2,4,9,28,1,1,1,,
1506,2,4,9,28,1,1,1,,
1507,2,4,9,28,0,0,0,,
1508,2,4,9,28,1,1,0,,
1509,2,4,9,28,1,1,0,,
1510,2,4,9,28,1,1,0,,
1511,2,4,9,28,1,1,0,,
1512,2,4,9,28,0,0,0,,
1513,2,4,9,28,1,1,0,,
1514,2,4,9,28,1,1,0,,
1515,2,4,9,28,1,0,0,,
1516,2,4,9,28,1,1,1,,
1517,2,4,9,28,1,1,0,,
1518,2,4,9,28,0,0,0,,
1519,2,4,9,28,1,1,0,,
1520,2,4,9,28,1,1,0,,
1521,2,5,9,32,0,0,0,,
1522,2,5,9,32,1,1,1,,
1523,2,5,9,32,1,1,0,,
1524,2,5,9,32,1,1,0,,
1525,2,5,9,32,1,1,0,,
1526,2,5,9,32,0,0,0,,
1527,2,5,9,32,1,1,0,,
1528,2,5,9,32,1,1,0,,
1529,2,5,9,32,0,0,0,,
1530,2,5,9,32,0,0,0,,
1531,2,5,9,32,1,1,1,,
1532,2,5,9,32,1,1,0,,
1533,2,5,9,32,1,1,0,,
1534,2,5,9,32,1,1,0,,
1535,2,5,9,32,1,1,1,,
1536,2,5,9,32,1,1,0,,
1537,2,5,9,32,1,1,0,,
1538,2,5,9,32,1,1,1,,
1539,2,5,9,32,1,0,0,,
1540,2,5,9,32,1,1,0,,
1541,2,3,9,34,1,1,0,,
1542,2,3,9,34,1,1,0,,
1543,2,3,9,34,1,0,0,,
1544,2,3,9,34,1,1,0,,
1545,2,3,9,34,1,0,0,,
1546,2,3,9,34,1,1,1,,
1547,2,3,9,34,1,1,0,,
1548,2,3,9,34,1,1,1,,
1549,2,3,9,34,1,1,1,,
1550,2,3,9,34,1,1,0,,
1551,2,3,9,34,1,1,1,,
1552,2,3,9,34,1,1,1,,
1553,2,3,9,34,1,1,0,,
1554,2,3,9,34,1,1,0,,
1555,2,3,9,34,0,0,0,,
1556,2,3,9,34,1,1,0,,
1557,2,3,9,34,1,1,1,,
1558,2,3,9,34,0,0,0,,
1559,2,3,9,34,1,1,1,,
1560,2,3,9,34,1,1,1,,
1561,2,7,9,36,1,1,0,,
1562,2,7,9,36,1,1,0,,
1563,2,7,9,36,1,1,0,,
1564,2,7,9,36,1,1,0,,
1565,2,7,9,36,1,1,1,,
1566,2,7,9,36,1,1,0,,
1567,2,7,9,36,1,1,0,,
1568,2,7,9,36,1,1,0,,
1569,2,7,9,36,1,1,0,,
1570,2,7,9,36,1,1,0,,
1571,2,7,9,36,1,1,0,,
1572,2,7,9,36,1,1,0,,
1573,2,7,9,36,1,1,0,,
1574,2,7,9,36,1,1,0,,
1575,2,7,9,36,1,1,0,,
1576,2,7,9,36,1,1,0,,
1577,2,7,9,36,1,1,0,,
1578,2,7,9,36,0,0,0,,
1579,2,7,9,36,0,0,0,,
1580,2,7,9,36,0,0,0,,
1581,2,7,9,38,0,0,0,,
1582,2,7,9,38,0,0,0,,
1583,2,7,9,38,0,0,0,,
1584,2,7,9,38,0,0,0,,
1585,2,7,9,38,0,0,0,,
1586,2,7,9,38,0,0,0,,
1587,2,7,9,38,0,0,0,,
1588,2,7,9,38,0,0,0,,
1589,2,7,9,38,0,0,0,,
1590,2,7,9,38,0,0,0,,
1591,2,7,9,38,0,0,0,,
1592,2,7,9,38,0,0,0,,
1593,2,7,9,38,0,0,0,,
1594,2,7,9,38,0,0,0,,
1595,2,7,9,38,0,0,0,,
1596,2,7,9,38,0,0,0,,
1597,2,7,9,38,0,0,0,,
1598,2,7,9,38,0,0,0,,
1599,2,7,9,38,0,0,0,,
1600,2,7,9,38,0,0,0,,
1601,2,4,12,16,0,0,0,,
1602,2,4,12,16,0,0,0,,
1603,2,4,12,16,0,0,0,,
1604,2,4,12,16,0,0,0,,
1605,2,4,12,16,0,0,0,,
1606,2,4,12,16,0,0,0,,
1607,2,4,12,16,0,0,0,,
1608,2,4,12,16,0,0,0,,
1609,2,4,12,16,0,0,0,,
1610,2,4,12,16,0,0,0,,
1611,2,4,12,16,0,0,0,,
1612,2,4,12,16,0,0,0,,
1613,2,4,12,16,0,0,0,,
1614,2,4,12,16,0,0,0,,
1615,2,4,12,16,0,0,0,,
1616,2,4,12,16,0,0,0,,
1617,2,4,12,16,0,0,0,,
1618,2,4,12,16,0,0,0,,
1619,2,4,12,16,0,0,0,,
1620,2,4,12,16,0,0,0,,
1621,2,3,12,20,0,0,0,,
1622,2,3,12,20,1,0,0,,
1623,2,3,12,20,1,0,0,,
1624,2,3,12,20,1,0,0,,
1625,2,3,12,20,1,0,0,,
1626,2,3,12,20,1,0,0,,
1627,2,3,12,20,1,0,0,,
1628,2,3,12,20,1,0,0,,
1629,2,3,12,20,0,0,0,,
1630,2,3,12,20,1,0,0,,
1631,2,3,12,20,0,0,0,,
1632,2,3,12,20,1,0,0,,
1633,2,3,12,20,0,0,0,,
1634,2,3,12,20,1,0,0,,
1635,2,3,12,20,1,0,0,,
1636,2,3,12,20,1,0,0,,
1637,2,3,12,20,0,0,0,,
1638,2,3,12,20,1,0,0,,
1639,2,3,12,20,1,0,0,,
1640,2,3,12,20,1,0,0,,
1641,2,3,12,24,1,0,0,,
1642,2,3,12,24,1,0,0,,
1643,2,3,12,24,1,0,0,,
1644,2,3,12,24,1,0,0,,
1645,2,3,12,24,1,0,0,,
1646,2,3,12,24,1,1,0,,
1647,2,3,12,24,1,1,0,,
1648,2,3,12,24,1,1,0,,
1649,2,3,12,24,1,1,0,,
1650,2,3,12,24,1,1,0,,
1651,2,3,12,24,1,0,0,,
1652,2,3,12,24,0,0,0,,
1653,2,3,12,24,1,0,0,,
1654,2,3,12,24,1,0,0,,
1655,2,3,12,24,1,0,0,,
1656,2,3,12,24,1,1,0,,
1657,2,3,12,24,1,1,0,,
1658,2,3,12,24,1,0,0,,
1659,2,3,12,24,1,1,0,,
1660,2,3,12,24,0,0,0,,
1661,2,4,12,28,1,1,0,,
1662,2,4,12,28,0,0,0,,
1663,2,4,12,28,1,0,0,,
1664,2,4,12,28,1,1,0,,
1665,2,4,12,28,1,1,0,,
1666,2,4,12,28,1,1,0,,
1667,2,4,12,28,1,1,0,,
1668,2,4,12,28,1,0,0,,
1669,2,4,12,28,1,1,0,,
1670,2,4,12,28,1,1,1,,
1671,2,4,12,28,1,0,0,,
1672,2,4,12,28,0,0,0,,
1673,2,4,12,28,1,1,1,,
1674,2,4,12,28,1,1,1,,
1675,2,4,12,28,1,1,1,,
1676,2,4,12,28,1,1,0,,
1677,2,4,12,28,1,1,1,,
1678,2,4,12,28,1,0,0,,
1679,2,4,12,28,0,0,0,,
1680,2,4,12,28,1,1,1,,
1681,2,5,12,32,0,0,0,,
1682,2,5,12,32,1,1,0,,
1683,2,5,12,32,0,0,0,,
1684,2,5,12,32,1,1,1,,
1685,2,5,12,32,1,1,1,,
1686,2,5,12,32,0,0,0,,
1687,2,5,12,32,1,1,0,,
1688,2,5,12,32,1,0,0,,
1689,2,5,12,32,0,0,0,,
1690,2,5,12,32,1,1,1,,
1691,2,5,12,32,1,1,1,,
1692,2,5,12,32,1,1,0,,
1693,2,5,12,32,1,1,0,,
1694,2,5,12,32,0,0,0,,
1695,2,5,12,32,1,1,0,,
1696,2,5,12,32,0,0,0,,
1697,2,5,12,32,1,1,0,,
1698,2,5,12,32,1,1,0,,
1699,2,5,12,32,1,1,0,,
1700,2,5,12,32,0,0,0,,
1701,2,3,12,34,1,0,0,,
1702,2,3,12,34,0,0,0,,
1703,2,3,12,34,1,1,0,,
1704,2,3,12,34,1,1,1,,
1705,2,3,12,34,1,1,0,,
1706,2,3,12,34,1,1,0,,
1707,2,3,12,34,1,0,0,,
1708,2,3,12,34,1,1,0,,
1709,2,3,12,34,1,1,0,,
1710,2,3,12,34,1,1,0,,
1711,2,3,12,34,1,1,0,,
1712,2,3,12,34,1,1,0,,
1713,2,3,12,34,1,1,0,,
1714,2,3,12,34,1,1,0,,
1715,2,3,12,34,1,0,0,,
1716,2,3,12,34,1,1,1,,
1717,2,3,12,34,1,0,0,,
1718,2,3,12,34,1,1,0,,
1719,2,3,12,34,1,1,0,,
1720,2,3,12,34,0,0,0,,
1721,2,7,12,36,1,1,0,,
1722,2,7,12,36,1,1,0,,
1723,2,7,12,36,1,1,0,,
1724,2,7,12,36,1,1,0,,
1725,2,7,12,36,1,1,0,,
1726,2,7,12,36,1,1,0,,
1727,2,7,12,36,1,1,0,,
1728,2,7,12,36,1,1,0,,
1729,2,7,12,36,1,1,0,,
1730,2,7,12,36,1,1,0,,
1731,2,7,12,36,1,1,0,,
1732,2,7,12,36,0,0,0,,
1733,2,7,12,36,1,1,0,,
1734,2,7,12,36,1,1,0,,
1735,2,7,12,36,1,1,0,,
1736,2,7,12,36,0,0,0,,
1737,2,7,12,36,0,0,0,,
1738,2,7,12,36,0,0,0,,
1739,2,7,12,36,0,0,0,,
1740,2,7,12,36,0,0,0,,
1741,2,7,12,38,0,0,0,,
1742,2,7,12,38,0,0,0,,
1743,2,7,12,38,0,0,0,,
1744,2,7,12,38,0,0,0,,
1745,2,7,12,38,0,0,0,,
1746,2,7,12,38,0,0,0,,
1747,2,7,12,38,0,0,0,,
1748,2,7,12,38,0,0,0,,
1749,2,7,12,38,0,0,0,,
1750,2,7,12,38,0,0,0,,
1751,2,7,12,38,0,0,0,,
1752,2,7,12,38,0,0,0,,
1753,2,7,12,38,0,0,0,,
1754,2,7,12,38,0,0,0,,
1755,2,7,12,38,0,0,0,,
1756,2,7,12,38,0,0,0,,
1757,2,7,12,38,0,0,0,,
1758,2,7,12,38,0,0,0,,
1759,2,7,12,38,0,0,0,,
1760,2,7,12,38,0,0,0,,
1761,2,4,15,16,0,0,0,,
1762,2,4,15,16,0,0,0,,
1763,2,4,15,16,0,0,0,,
1764,2,4,15,16,0,0,0,,
1765,2,4,15,16,1,0,0,,
1766,2,4,15,16,0,0,0,,
1767,2,4,15,16,0,0,0,,
1768,2,4,15,16,0,0,0,,
1769,2,4,15,16,0,0,0,,
1770,2,4,15,16,0,0,0,,
1771,2,4,15,16,0,0,0,,
1772,2,4,15,16,0,0,0,,
1773,2,4,15,16,0,0,0,,
1774,2,4,15,16,0,0,0,,
1775,2,4,15,16,0,0,0,,
1776,2,4,15,16,0,0,0,,
1777,2,4,15,16,0,0,0,,
1778,2,4,15,16,0,0,0,,
1779,2,4,15,16,0,0,0,,
1780,2,4,15,16,0,0,0,,
1781,2,3,15,20,1,0,0,,
1782,2,3,15,20,1,0,0,,
1783,2,3,15,20,0,0,0,,
1784,2,3,15,20,1,0,0,,
1785,2,3,15,20,1,0,0,,
1786,2,3,15,20,1,0,0,,
1787,2,3,15,20,1,0,0,,
1788,2,3,15,20,1,0,0,,
1789,2,3,15,20,0,0,0,,
1790,2,3,15,20,1,0,0,,
1791,2,3,15,20,1,0,0,,
1792,2,3,15,20,0,0,0,,
1793,2,3,15,20,1,0,0,,
1794,2,3,15,20,1,0,0,,
1795,2,3,15,20,0,0,0,,
1796,2,3,15,20,1,0,0,,
1797,2,3,15,20,1,0,0,,
1798,2,3,15,20,1,0,0,,
1799,2,3,15,20,1,0,0,,
1800,2,3,15,20,1,0,0,,
1801,2,3,15,24,1,0,0,,
1802,2,3,15,24,1,1,0,,
1803,2,3,15,24,1,0,0,,
1804,2,3,15,24,1,0,0,,
1805,2,3,15,24,1,1,0,,
1806,2,3,15,24,1,0,0,,
1807,2,3,15,24,1,1,0,,
1808,2,3,15,24,1,1,0,,
1809,2,3,15,24,1,0,0,,
1810,2,3,15,24,1,0,0,,
1811,2,3,15,24,1,1,0,,
1812,2,3,15,24,1,1,0,,
1813,2,3,15,24,1,1,0,,
1814,2,3,15,24,1,1,0,,
1815,2,3,15,24,1,0,0,,
1816,2,3,15,24,1,1,0,,
1817,2,3,15,24,1,1,0,,
1818,2,3,15,24,1,1,0,,
1819,2,3,15,24,1,1,0,,
1820,2,3,15,24,1,1,0,,
1821,2,4,15,28,1,1,1,,
1822,2,4,15,28,1,1,0,,
1823,2,4,15,28,1,1,0,,
1824,2,4,15,28,1,1,1,,
1825,2,4,15,28,1,1,1,,
1826,2,4,15,28,0,0,0,,
1827,2,4,15,28,1,1,1,,
1828,2,4,15,28,1,1,1,,
1829,2,4,15,28,1,1,1,,
1830,2,4,15,28,1,1,0,,
1831,2,4,15,28,1,1,0,,
1832,2,4,15,28,1,1,0,,
1833,2,4,15,28,1,1,0,,
1834,2,4,15,28,1,1,1,,
1835,2,4,15,28,1,0,0,,
1836,2,4,15,28,0,0,0,,
1837,2,4,15,28,1,1,0,,
1838,2,4,15,28,1,1,0,,
1839,2,4,15,28,1,1,0,,
1840,2,4,15,28,1,1,0,,
1841,2,5,15,32,1,1,0,,
1842,2,5,15,32,1,1,1,,
1843,2,5,15,32,1,1,0,,
1844,2,5,15,32,1,1,1,,
1845,2,5,15,32,1,1,0,,
1846,2,5,15,32,1,0,0,,
1847,2,5,15,32,0,0,0,,
1848,2,5,15,32,1,1,0,,
1849,2,5,15,32,0,0,0,,
1850,2,5,15,32,1,1,0,,
1851,2,5,15,32,1,1,1,,
1852,2,5,15,32,1,1,0,,
1853,2,5,15,32,1,1,0,,
1854,2,5,15,32,0,0,0,,
1855,2,5,15,32,1,1,0,,
1856,2,5,15,32,0,0,0,,
1857,2,5,15,32,1,1,1,,
1858,2,5,15,32,1,1,1,,
1859,2,5,15,32,0,0,0,,
1860,2,5,15,32,1,1,0,,
1861,2,3,15,34,1,1,0,,
1862,2,3,15,34,1,1,0,,
1863,2,3,15,34,1,1,0,,
1864,2,3,15,34,1,1,0,,
1865,2,3,15,34,1,1,1,,
1866,2,3,15,34,1,1,0,,
1867,2,3,15,34,1,1,0,,
1868,2,3,15,34,1,1,0,,
1869,2,3,15,34,1,1,1,,
1870,2,3,15,34,1,1,0,,
1871,2,3,15,34,1,1,1,,
1872,2,3,15,34,1,1,0,,
1873,2,3,15,34,1,1,0,,
1874,2,3,15,34,1,1,0,,
1875,2,3,15,34,1,1,0,,
1876,2,3,15,34,1,1,1,,
1877,2,3,15,34,1,1,0,,
1878,2,3,15,34,0,0,0,,
1879,2,3,15,34,1,1,0,,
1880,2,3,15,34,1,1,0,,
1881,2,7,15,36,0,0,0,,
1882,2,7,15,36,0,0,0,,
1883,2,7,15,36,0,0,0,,
1884,2,7,15,36,0,0,0,,
1885,2,7,15,36,0,0,0,,
1886,2,7,15,36,0,0,0,,
1887,2,7,15,36,0,0,0,,
1888,2,7,15,36,0,0,0,,
1889,2,7,15,36,0,0,0,,
1890,2,7,15,36,0,0,0,,
1891,2,7,15,36,0,0,0,,
1892,2,7,15,36,0,0,0,,
1893,2,7,15,36,0,0,0,,
1894,2,7,15,36,0,0,0,,
1895,2,7,15,36,0,0,0,,
1896,2,7,15,36,0,0,0,,
1897,2,7,15,36,0,0,0,,
1898,2,7,15,36,0,0,0,,
1899,2,7,15,36,0,0,0,,
1900,2,7,15,36,0,0,0,,
1901,2,7,15,38,0,0,0,,
1902,2,7,15,38,0,0,0,,
1903,2,7,15,38,0,0,0,,
1904,2,7,15,38,0,0,0,,
1905,2,7,15,38,0,0,0,,
1906,2,7,15,38,0,0,0,,
1907,2,7,15,38,0,0,0,,
1908,2,7,15,38,0,0,0,,
1909,2,7,15,38,0,0,0,,
1910,2,7,15,38,0,0,0,,
1911,2,7,15,38,0,0,0,,
1912,2,7,15,38,0,0,0,,
1913,2,7,15,38,0,0,0,,
1914,2,7,15,38,0,0,0,,
1915,2,7,15,38,0,0,0,,
1916,2,7,15,38,0,0,0,,
1917,2,7,15,38,0,0,0,,
1918,2,7,15,38,0,0,0,,
1919,2,7,15,38,0,0,0,,
1920,2,7,15,38,0,0,0,,
1921,2,4,18,16,0,0,0,,
1922,2,4,18,16,0,0,0,,
1923,2,4,18,16,0,0,0,,
1924,2,4,18,16,0,0,0,,
1925,2,4,18,16,0,0,0,,
1926,2,4,18,16,0,0,0,,
1927,2,4,18,16,0,0,0,,
1928,2,4,18,16,0,0,0,,
1929,2,4,18,16,0,0,0,,
1930,2,4,18,16,0,0,0,,
1931,2,4,18,16,0,0,0,,
1932,2,4,18,16,0,0,0,,
1933,2,4,18,16,0,0,0,,
1934,2,4,18,16,0,0,0,,
1935,2,4,18,16,0,0,0,,
1936,2,4,18,16,0,0,0,,
1937,2,4,18,16,0,0,0,,
1938,2,4,18,16,0,0,0,,
1939,2,4,18,16,0,0,0,,
1940,2,4,18,16,0,0,0,,
1941,2,3,18,20,1,0,0,,
1942,2,3,18,20,1,0,0,,
1943,2,3,18,20,1,0,0,,
1944,2,3,18,20,1,0,0,,
1945,2,3,18,20,1,0,0,,
1946,2,3,18,20,1,0,0,,
1947,2,3,18,20,1,0,0,,
1948,2,3,18,20,1,0,0,,
1949,2,3,18,20,1,1,0,,
1950,2,3,18,20,1,0,0,,
1951,2,3,18,20,1,0,0,,
1952,2,3,18,20,1,0,0,,
1953,2,3,18,20,1,0,0,,
1954,2,3,18,20,1,0,0,,
1955,2,3,18,20,1,0,0,,
1956,2,3,18,20,1,0,0,,
1957,2,3,18,20,0,0,0,,
1958,2,3,18,20,1,0,0,,
1959,2,3,18,20,1,0,0,,
1960,2,3,18,20,1,0,0,,
1961,2,3,18,24,1,0,0,,
1962,2,3,18,24,1,0,0,,
1963,2,3,18,24,1,0,0,,
1964,2,3,18,24,1,1,0,,
1965,2,3,18,24,1,1,0,,
1966,2,3,18,24,1,1,0,,
1967,2,3,18,24,1,1,0,,
1968,2,3,18,24,1,0,0,,
1969,2,3,18,24,1,0,0,,
1970,2,3,18,24,0,0,0,,
1971,2,3,18,24,1,0,0,,
1972,2,3,18,24,1,0,0,,
1973,2,3,18,24,0,0,0,,
1974,2,3,18,24,1,1,1,,
1975,2,3,18,24,1,1,0,,
1976,2,3,18,24,1,1,0,,
1977,2,3,18,24,1,1,0,,
1978,2,3,18,24,1,0,0,,
1979,2,3,18,24,1,1,0,,
1980,2,3,18,24,1,1,0,,
1981,2,4,18,28,1,1,1,,
1982,2,4,18,28,1,1,1,,
1983,2,4,18,28,0,0,0,,
1984,2,4,18,28,1,1,0,,
1985,2,4,18,28,1,1,1,,
1986,2,4,18,28,1,1,0,,
1987,2,4,18,28,0,0,0,,
1988,2,4,18,28,1,1,0,,
1989,2,4,18,28,0,0,0,,
1990,2,4,18,28,1,1,0,,
1991,2,4,18,28,1,1,0,,
1992,2,4,18,28,1,1,0,,
1993,2,4,18,28,1,1,0,,
1994,2,4,18,28,1,0,0,,
1995,2,4,18,28,1,1,1,,
1996,2,4,18,28,1,1,0,,
1997,2,4,18,28,1,1,0,,
1998,2,4,18,28,1,1,0,,
1999,2,4,18,28,0,0,0,,
2000,2,4,18,28,0,0,0,,
2001,2,5,18,32,0,0,0,,
2002,2,5,18,32,0,0,0,,
2003,2,5,18,32,1,1,1,,
2004,2,5,18,32,0,0,0,,
2005,2,5,18,32,1,1,0,,
2006,2,5,18,32,0,0,0,,
2007,2,5,18,32,1,0,0,,
2008,2,5,18,32,1,1,0,,
2009,2,5,18,32,1,1,0,,
2010,2,5,18,32,1,1,1,,
2011,2,5,18,32,1,1,0,,
2012,2,5,18,32,1,1,0,,
2013,2,5,18,32,1,0,0,,
2014,2,5,18,32,1,1,0,,
2015,2,5,18,32,0,0,0,,
2016,2,5,18,32,1,1,0,,
2017,2,5,18,32,0,0,0,,
2018,2,5,18,32,1,1,1,,
2019,2,5,18,32,1,1,0,,
2020,2,5,18,32,1,1,1,,
2021,2,3,18,34,1,1,1,,
2022,2,3,18,34,1,1,1,,
2023,2,3,18,34,1,0,0,,
2024,2,3,18,34,0,0,0,,
2025,2,3,18,34,1,1,0,,
2026,2,3,18,34,1,1,1,,
2027,2,3,18,34,0,0,0,,
2028,2,3,18,34,1,1,1,,
2029,2,3,18,34,1,1,1,,
2030,2,3,18,34,1,1,1,,
2031,2,3,18,34,1,1,1,,
2032,2,3,18,34,0,0,0,,
2033,2,3,18,34,1,1,0,,
2034,2,3,18,34,1,1,0,,
2035,2,3,18,34,1,1,0,,
2036,2,3,18,34,1,1,0,,
2037,2,3,18,34,1,1,0,,
2038,2,3,18,34,1,1,0,,
2039,2,3,18,34,1,1,0,,
2040,2,3,18,34,1,1,0,,
2041,2,7,18,36,0,0,0,,
2042,2,7,18,36,0,0,0,,
2043,2,7,18,36,0,0,0,,
2044,2,7,18,36,0,0,0,,
2045,2,7,18,36,0,0,0,,
2046,2,7,18,36,0,0,0,,
2047,2,7,18,36,0,0,0,,
2048,2,7,18,36,0,0,0,,
2049,2,7,18,36,0,0,0,,
2050,2,7,18,36,0,0,0,,
2051,2,7,18,36,0,0,0,,
2052,2,7,18,36,0,0,0,,
2053,2,7,18,36,0,0,0,,
2054,2,7,18,36,0,0,0,,
2055,2,7,18,36,0,0,0,,
2056,2,7,18,36,0,0,0,,
2057,2,7,18,36,0,0,0,,
2058,2,7,18,36,0,0,0,,
2059,2,7,18,36,0,0,0,,
2060,2,7,18,36,0,0,0,,
2061,2,7,18,38,0,0,0,,
2062,2,7,18,38,0,0,0,,
2063,2,7,18,38,0,0,0,,
2064,2,7,18,38,0,0,0,,
2065,2,7,18,38,0,0,0,,
2066,2,7,18,38,0,0,0,,
2067,2,7,18,38,0,0,0,,
2068,2,7,18,38,0,0,0,,
2069,2,7,18,38,0,0,0,,
2070,2,7,18,38,0,0,0,,
2071,2,7,18,38,0,0,0,,
2072,2,7,18,38,0,0,0,,
2073,2,7,18,38,0,0,0,,
2074,2,7,18,38,0,0,0,,
2075,2,7,18,38,0,0,0,,
2076,2,7,18,38,0,0,0,,
2077,2,7,18,38,0,0,0,,
2078,2,7,18,38,0,0,0,,
2079,2,7,18,38,0,0,0,,
2080,2,7,18,38,0,0,0,,
2081,2,4,21,16,0,0,0,,
2082,2,4,21,16,0,0,0,,
2083,2,4,21,16,0,0,0,,
2084,2,4,21,16,0,0,0,,
2085,2,4,21,16,0,0,0,,
2086,2,4,21,16,1,0,0,,
2087,2,4,21,16,0,0,0,,
2088,2,4,21,16,0,0,0,,
2089,2,4,21,16,0,0,0,,
2090,2,4,21,16,0,0,0,,
2091,2,4,21,16,0,0,0,,
2092,2,4,21,16,0,0,0,,
2093,2,4,21,16,0,0,0,,
2094,2,4,21,16,0,0,0,,
2095,2,4,21,16,0,0,0,,
2096,2,4,21,16,0,0,0,,
2097,2,4,21,16,0,0,0,,
2098,2,4,21,16,0,0,0,,
2099,2,4,21,16,0,0,0,,
2100,2,4,21,16,0,0,0,,
2101,2,3,21,20,1,0,0,,
2102,2,3,21,20,1,0,0,,
2103,2,3,21,20,1,0,0,,
2104,2,3,21,20,1,0,0,,
2105,2,3,21,20,1,0,0,,
2106,2,3,21,20,0,0,0,,
2107,2,3,21,20,1,0,0,,
2108,2,3,21,20,1,0,0,,
2109,2,3,21,20,1,0,0,,
2110,2,3,21,20,0,0,0,,
2111,2,3,21,20,1,0,0,,
2112,2,3,21,20,1,0,0,,
2113,2,3,21,20,1,0,0,,
2114,2,3,21,20,0,0,0,,
2115,2,3,21,20,1,0,0,,
2116,2,3,21,20,1,0,0,,
2117,2,3,21,20,1,0,0,,
2118,2,3,21,20,1,1,0,,
2119,2,3,21,20,0,0,0,,
2120,2,3,21,20,1,1,0,,
2121,2,3,21,24,1,0,0,,
2122,2,3,21,24,0,0,0,,
2123,2,3,21,24,1,1,1,,
2124,2,3,21,24,1,1,0,,
2125,2,3,21,24,1,0,0,,
2126,2,3,21,24,1,1,0,,
2127,2,3,21,24,1,1,1,,
2128,2,3,21,24,1,1,1,,
2129,2,3,21,24,1,1,0,,
2130,2,3,21,24,0,0,0,,
2131,2,3,21,24,1,1,0,,
2132,2,3,21,24,0,0,0,,
2133,2,3,21,24,1,1,0,,
2134,2,3,21,24,1,1,0,,
2135,2,3,21,24,1,0,0,,
2136,2,3,21,24,1,1,0,,
2137,2,3,21,24,1,0,0,,
2138,2,3,21,24,1,0,0,,
2139,2,3,21,24,1,1,0,,
2140,2,3,21,24,1,1,0,,
2141,2,4,21,28,1,1,1,,
2142,2,4,21,28,1,1,0,,
2143,2,4,21,28,0,0,0,,
2144,2,4,21,28,1,1,1,,
2145,2,4,21,28,1,1,1,,
2146,2,4,21,28,1,1,1,,
2147,2,4,21,28,1,1,1,,
2148,2,4,21,28,1,1,1,,
2149,2,4,21,28,1,1,0,,
2150,2,4,21,28,1,1,0,,
2151,2,4,21,28,1,1,0,,
2152,2,4,21,28,1,1,0,,
2153,2,4,21,28,1,1,1,,
2154,2,4,21,28,1,1,1,,
2155,2,4,21,28,0,0,0,,
2156,2,4,21,28,1,1,0,,
2157,2,4,21,28,1,1,0,,
2158,2,4,21,28,1,1,0,,
2159,2,4,21,28,0,0,0,,
2160,2,4,21,28,1,1,0,,
2161,2,5,21,32,0,0,0,,
2162,2,5,21,32,1,1,0,,
2163,2,5,21,32,0,0,0,,
2164,2,5,21,32,1,1,0,,
2165,2,5,21,32,0,0,0,,
2166,2,5,21,32,1,1,0,,
2167,2,5,21,32,1,1,1,,
2168,2,5,21,32,1,1,0,,
2169,2,5,21,32,0,0,0,,
2170,2,5,21,32,0,0,0,,
2171,2,5,21,32,0,0,0,,
2172,2,5,21,32,1,1,0,,
2173,2,5,21,32,1,1,0,,
2174,2,5,21,32,0,0,0,,
2175,2,5,21,32,1,1,0,,
2176,2,5,21,32,1,0,0,,
2177,2,5,21,32,1,1,0,,
2178,2,5,21,32,1,0,0,,
2179,2,5,21,32,1,1,0,,
2180,2,5,21,32,1,1,0,,
2181,2,3,21,34,1,1,0,,
2182,2,3,21,34,0,0,0,,
2183,2,3,21,34,1,1,1,,
2184,2,3,21,34,0,0,0,,
2185,2,3,21,34,1,1,0,,
2186,2,3,21,34,1,1,1,,
2187,2,3,21,34,1,1,0,,
2188,2,3,21,34,1,1,0,,
2189,2,3,21,34,1,1,0,,
2190,2,3,21,34,1,1,0,,
2191,2,3,21,34,1,1,0,,
2192,2,3,21,34,1,0,0,,
2193,2,3,21,34,1,1,1,,
2194,2,3,21,34,1,0,0,,
2195,2,3,21,34,1,1,0,,
2196,2,3,21,34,1,1,0,,
2197,2,3,21,34,1,1,0,,
2198,2,3,21,34,1,1,0,,
2199,2,3,21,34,1,1,0,,
2200,2,3,21,34,1,0,0,,
2201,2,7,21,36,0,0,0,,
2202,2,7,21,36,0,0,0,,
2203,2,7,21,36,0,0,0,,
2204,2,7,21,36,0,0,0,,
2205,2,7,21,36,0,0,0,,
2206,2,7,21,36,0,0,0,,
2207,2,7,21,36,0,0,0,,
2208,2,7,21,36,0,0,0,,
2209,2,7,21,36,0,0,0,,
2210,2,7,21,36,0,0,0,,
2211,2,7,21,36,0,0,0,,
2212,2,7,21,36,0,0,0,,
2213,2,7,21,36,0,0,0,,
2214,2,7,21,36,0,0,0,,
2215,2,7,21,36,0,0,0,,
2216,2,7,21,36,0,0,0,,
2217,2,7,21,36,0,0,0,,
2218,2,7,21,36,0,0,0,,
2219,2,7,21,36,0,0,0,,
2220,2,7,21,36,0,0,0,,
2221,2,7,21,38,0,0,0,,
2222,2,7,21,38,0,0,0,,
2223,2,7,21,38,0,0,0,,
2224,2,7,21,38,0,0,0,,
2225,2,7,21,38,0,0,0,,
2226,2,7,21,38,0,0,0,,
2227,2,7,21,38,0,0,0,,
2228,2,7,21,38,0,0,0,,
2229,2,7,21,38,0,0,0,,
2230,2,7,21,38,0,0,0,,
2231,2,7,21,38,0,0,0,,
2232,2,7,21,38,0,0,0,,
2233,2,7,21,38,0,0,0,,
2234,2,7,21,38,0,0,0,,
2235,2,7,21,38,0,0,0,,
2236,2,7,21,38,0,0,0,,
2237,2,7,21,38,0,0,0,,
2238,2,7,21,38,0,0,0,,
2239,2,7,21,38,0,0,0,,
2240,2,7,21,38,0,0,0,,
